id_emp;Nom;Prenom;CP;Ville;Adresse
1;Patel;mouranne;708489;Leticia;262-2534 Sed Rd.
2;Santana;mane;40419;Akhisar;276-9706 Rutrum. Route
3;Webster;titi;83136;Córdoba;137-1676 Non, Av.
4;Norris;Phyllis;37303-144;Missoula;232-8592 Ac Chemin
5;Campos;Iliana;Z7644;Los Álamos;5543 Placerat, Chemin
6;Hamilton;Robert;42691;Griesheim;CP 849, 1065 Vel Impasse
7;Puckett;Isabella;263794;Sicuani;CP 938, 4268 Lacus. Avenue
8;Petersen;Rhoda;41270;Fabro;636-8488 Euismod Avenue
9;Cleveland;Zoe;40019;Valuyki;1971 Dignissim Av.
10;Paul;Brandon;688443;Alençon;956-6055 Egestas. Rd.
11;Klein;Martena;29917;Saintes;CP 287, 3686 At Avenue
12;Drake;Christian;98538;Aubange;202-836 Sed Route
13;Cardenas;Dolan;556157;Launceston;1783 Porttitor Impasse
14;Koch;Tate;Z2417;Padang Panjang;Appartement 603-9566 Justo Avenue
15;Lynch;Belle;34653;Bonnyville Municipal District;9012 Habitant Rue
16;Ferguson;Jolene;4067;Rionero in Vulture;CP 404, 161 Egestas Av.
17;Murphy;Hunter;3461;Dover;2004 Sociis Av.
18;Estes;Kevyn;757248;Varendonk;CP 650, 9978 At, Rue
19;Black;Jane;Z0547;Indianapolis;CP 372, 1045 Vehicula Rd.
20;Duke;Kevin;25503;Picinisco;982 Turpis Route
21;Snyder;Adam;3815;Khuzdar;820-6571 Mi Av.
22;Carlson;Erasmus;38299;Marcq-en-Baroeul;9111 Magna. Rd.
23;Ross;Elijah;9606;Bhir;CP 344, 5875 Netus Rd.
24;Rosales;Selma;6131 CM;Pradamano;482-5929 Nulla. Chemin
25;Swanson;April;63705-98699;Iowa City;951 Lacus. Rue
26;Reynolds;Oscar;4221;Kawartha Lakes;532-4322 Tortor, Rd.
27;Valencia;Norman;36226;Quickborn;CP 465, 8605 Dapibus Av.
28;Castaneda;Diana;53561-728;Dera Ghazi Khan;Appartement 920-5575 Enim Av.
29;Patrick;Isaiah;03772;Muridke;434-7459 Venenatis Av.
30;Valentine;Dora;73865-242;Kotli;969-5029 Imperdiet Impasse
31;Barry;Salvador;92515;Mora;Appartement 790-6808 Lorem Rue
33;Yates;Diana;80953;Guysborough;4404 Ligula Av.
34;Harding;Blake;712731;Saint-Sébastien-sur-Loire;4078 Sociosqu Impasse
35;Peck;Demetria;32245;Cumberland County;7305 In Ave
36;Castillo;Herman;900217;Columbus;562 Nullam Avenue
37;Weber;Julian;Z2307;Hall in Tirol;4454 Dui Rd.
39;Lindsey;Chancellor;05388;North Cowichan;CP 425, 9390 Nec, Route
40;Valdez;Cassidy;55945;Constitución;Appartement 752-1768 Sociis Impasse
42;Kerr;Roanna;380660;Rea;Appartement 491-2877 Ac Avenue
43;Stone;Josiah;98467;Dolgoprudny;Appartement 610-7309 Fringilla. Rue
44;Olson;Mannix;Z9927;Saint-Marcel;CP 605, 9150 Velit. Impasse
45;Gross;Farrah;E2G 5J5;Perinaldo;Appartement 525-7832 Euismod Rue
46;Adkins;Martin;Z9136;Hines Creek;9391 Condimentum. Rue
47;Good;Brittany;79237;Shebekino;3674 Eu, Impasse
48;Estes;Ignatius;133911;Tubeke Tubize;1668 Aliquet Route
49;Drake;Caesar;845557;Champdani;CP 328, 7189 Fermentum Av.
51;Middleton;Daryl;Y4M 3NP;Wandre;817-1105 Consectetuer Chemin
52;Bowen;Armando;59564;Kozhikode;Appartement 884-2801 Odio Rue
53;Terrell;Kiayada;QE7B 0AK;Maicao;CP 809, 1903 Suscipit Rue
54;Rich;Iona;2224;Township of Minden Hills;829-8724 Pede. Route
55;Noble;Savannah;Z4433;Brentwood;Appartement 875-8162 Sem Av.
56;Mckee;Gil;30616;Ganganagar;Appartement 802-4947 Eget Route
57;Parker;Karleigh;42092;Saint-Oyen;5646 Tempor Av.
58;Bowman;Orlando;3987;Cochamó;CP 231, 2927 Lacus. Rue
59;Lawson;Harriet;70803;San Martino in Badia/St. Martin in Thurn;Appartement 246-6520 Urna. Route
60;Dunn;Garth;A9K 7V7;Archennes;Appartement 456-8443 Varius Rd.
61;Hawkins;Charity;08809;Meridian;1946 Neque. Rue
62;Short;Mariam;44490;Campbeltown;602-8704 Adipiscing Rd.
64;Bauer;Jakeem;M4R 8S1;Puerto Guzmán;CP 550, 7523 Volutpat. Route
65;Graves;Lara;56-370;Smoky Lake;7971 Elit Route
67;Cherry;Donovan;69710;San Lorenzo;4288 Quam Impasse
68;Clay;Suki;940395;Branchon;609-5645 Nunc Route
69;King;Ryan;40556;Rödermark;3891 Ac Rue
70;Saunders;Tamara;39509;Tranås;323-1482 Nam Avenue
71;Gamble;Summer;20588-159;Chapecó;582-1509 Auctor, Chemin
72;Sharpe;Curran;33109;Seloignes;4403 Diam Ave
73;Cantu;Dominique;14784;Builth Wells;825-3855 Orci. Ave
74;Hayes;Raja;58630;Barchi;Appartement 155-5764 Tincidunt Avenue
75;Haley;Ignacia;93727;Sankt Ingbert;3579 Massa. Impasse
76;Dalton;Blossom;80254-50714;Smithers;CP 991, 9215 Eu, Av.
77;Buckner;Chloe;26160;Schönebeck;917-2420 Neque Av.
78;Warren;Tyler;624685;Fossato di Vico;652 Laoreet Av.
79;Schmidt;Gregory;838216;Hyères;Appartement 153-2658 Mi, Av.
80;Riley;Juliet;IS5M 8MD;Hattiesburg;Appartement 979-1122 Cras Route
81;Olsen;Celeste;36986;Waarloos;8760 Enim. Route
82;Mckay;Jerry;44068;Baricella;CP 700, 553 Aenean Rd.
83;Pittman;Shelley;2902 DS;Soma;Appartement 414-2048 Ipsum Avenue
84;Mcleod;Phelan;C5H 8L6;Lac Ste. Anne;422-6111 Mauris Rd.
85;Herman;Ori;2665;Cumberland County;Appartement 706-3352 Rutrum, Avenue
86;Lawrence;Reuben;809145;Dewas;CP 745, 8298 Sagittis Ave
87;Ware;Harriet;Z4328;Zweibrücken;CP 575, 254 Tristique Ave
88;Buckley;Joseph;31011;Bochum;851-5135 Nulla Avenue
89;Blake;Jonah;58-981;Rae Lakes;Appartement 354-360 Primis Impasse
90;Norton;Leigh;66578;Owerri;291-9276 Elit Chemin
91;Nichols;Heidi;277320;Tumaco;6214 Mi. Avenue
92;Salazar;Tyler;K8S 6B9;Deutschkreutz;CP 693, 7082 A Chemin
93;Sargent;Davis;74768;Thuin;CP 833, 3357 Scelerisque Ave
94;Bryan;Davis;62356;Dilsen-Stokkem;CP 292, 2638 Aliquam Impasse
95;Doyle;Tasha;66-264;Lago Ranco;CP 493, 620 Amet Chemin
96;Whitney;Beck;47511;Stratford;CP 679, 5665 Euismod Rue
97;Mooney;Josephine;1697;Oklahoma City;9178 Ut Ave
98;Mendez;Blair;02289-29699;Stourbridge;1802 Et, Ave
99;Acevedo;Vance;N10 4WM;College;3305 Sed, Avenue
100;Bell;Basia;957166;Baranello;867-9036 Donec Avenue
