Nom;Prenom;age
Bartez;Bombi;49
Bamba;Kikia;67
Dossier;Melanie;80
Noel;Camara;49
Donzo;Amelie;22
Finland;Marcel;23
Gomez;Nina;30
Michel;Martin;28
Moriba;Intello;20
Rachel;Thilanda;27
Iyeu;LY;81
Wang;Talibi;24
Melanie;Cadans;43
Fabrice;Eboue;60
Papa;Tall;52
Metz;Volnez;55
Kitoko;Fabregace;32
Alice;Corse;55
Mamadou;Saamb;32
Partanz;Fabou;20
Capitain;Sparow;54
Salazar;Pirate;89
Bombi;Fantastique;60
Fantazi;Kebab;80
Takana;Lion;45
Ramatoulaye;Kotoka;64
Bartez;Melanie;98
Camara;Vieux;45
Donzo;Amelie;29
Nicolas;Hano;45
Natacha;Nina;79
Roumy;Martin;56
Cyril;Foucher;40
Mohamed;BenSoul;27
TI;Taiming;30
Bomboyi;LY;23
Wang;Yeu;56
