id_emp,Nom ,Prenom,CP
1,Patel,Honorato,708489
2,Santana,Caesar,40419
3,Webster,Howard,83136
4,Norris,Phyllis,37303-144
5,Campos,Iliana,Z7644
6,Hamilton,Robert,42691
7,Puckett,Isabella,263794
8,Petersen,Rhoda,41270
9,Cleveland,Zoe,40019
10,Paul,Brandon,688443
11,Klein,Martena,29917
12,Drake,Christian,98538
13,Cardenas,Dolan,556157
14,Koch,Tate,Z2417
15,Lynch,Belle,34653
16,Ferguson,Jolene,4067
17,Murphy,Hunter,3461
18,Estes,Kevyn,757248
19,Black,Jane,Z0547
20,Duke,Kevin,25503
21,Snyder,Adam,3815
22,Carlson,Erasmus,38299
23,Ross,Elijah,9606
24,Rosales,Selma,6131 CM
25,Swanson,April,63705-98699
26,Reynolds,Oscar,4221
27,Valencia,Norman,36226
28,Castaneda,Diana,53561-728
29,Patrick,Isaiah,03772
30,Valentine,Dora,73865-242
31,Barry,Salvador,92515
32,Bentley,Naida,569524
33,Yates,Diana,80953
34,Harding,Blake,712731
35,Peck,Demetria,32245
36,Castillo,Herman,900217
37,Weber,Julian,Z2307
38,Conway,Harlan,7143 HB
39,Lindsey,Chancellor,05388
40,Valdez,Cassidy,55945
41,Waters,Darius,904437
42,Kerr,Roanna,380660
43,Stone,Josiah,98467
44,Olson,Mannix,Z9927
45,Gross,Farrah,E2G 5J5
46,Adkins,Martin,Z9136
47,Good,Brittany,79237
48,Estes,Ignatius,133911
49,Drake,Caesar,845557
50,Berger,Dahlia,276293
51,Middleton,Daryl,Y4M 3NP
52,Bowen,Armando,59564
53,Terrell,Kiayada,QE7B 0AK
54,Rich,Iona,2224
55,Noble,Savannah,Z4433
56,Mckee,Gil,30616
57,Parker,Karleigh,42092
58,Bowman,Orlando,3987
59,Lawson,Harriet,70803
60,Dunn,Garth,A9K 7V7
61,Hawkins,Charity,08809
62,Short,Mariam,44490
63,Mosley,Miriam,78735-691
64,Bauer,Jakeem,M4R 8S1
65,Graves,Lara,56-370
66,Flynn,Amethyst,04468
67,Cherry,Donovan,69710
68,Clay,Suki,940395
69,King,Ryan,40556
70,Saunders,Tamara,39509
71,Gamble,Summer,20588-159
72,Sharpe,Curran,33109
73,Cantu,Dominique,14784
74,Hayes,Raja,58630
75,Haley,Ignacia,93727
76,Dalton,Blossom,80254-50714
77,Buckner,Chloe,26160
78,Warren,Tyler,624685
79,Schmidt,Gregory,838216
80,Riley,Juliet,IS5M 8MD
81,Olsen,Celeste,36986
82,Mckay,Jerry,44068
83,Pittman,Shelley,2902 DS
84,Mcleod,Phelan,C5H 8L6
85,Herman,Ori,2665
86,Lawrence,Reuben,809145
87,Ware,Harriet,Z4328
88,Buckley,Joseph,31011
89,Blake,Jonah,58-981
90,Norton,Leigh,66578
91,Nichols,Heidi,277320
92,Salazar,Tyler,K8S 6B9
93,Sargent,Davis,74768
94,Bryan,Davis,62356
95,Doyle,Tasha,66-264
96,Whitney,Beck,47511
97,Mooney,Josephine,1697
98,Mendez,Blair,02289-29699
99,Acevedo,Vance,N10 4WM
100,Bell,Basia,957166