id_depart|Ville|id_emp|Adresse
4|Leticia|1|262-2534 Sed Rd.
6|Akhisar|2|276-9706 Rutrum. Route
8|Córdoba|3|137-1676 Non, Av.
10|Missoula|4|232-8592 Ac Chemin
12|Los Álamos|5|5543 Placerat, Chemin
14|Griesheim|6|CP 849, 1065 Vel Impasse
16|Sicuani|7|CP 938, 4268 Lacus. Avenue
18|Fabro|8|636-8488 Euismod Avenue
20|Valuyki|9|1971 Dignissim Av.
22|Alençon|10|956-6055 Egestas. Rd.
24|Saintes|11|CP 287, 3686 At Avenue
26|Aubange|12|202-836 Sed Route
28|Launceston|13|1783 Porttitor Impasse
30|Padang Panjang|14|Appartement 603-9566 Justo Avenue
32|Bonnyville Municipal District|15|9012 Habitant Rue
34|Rionero in Vulture|16|CP 404, 161 Egestas Av.
36|Dover|17|2004 Sociis Av.
38|Varendonk|18|CP 650, 9978 At, Rue
40|Indianapolis|19|CP 372, 1045 Vehicula Rd.
42|Picinisco|20|982 Turpis Route
44|Khuzdar|21|820-6571 Mi Av.
46|Marcq-en-Baroeul|22|9111 Magna. Rd.
48|Bhir|23|CP 344, 5875 Netus Rd.
50|Pradamano|24|482-5929 Nulla. Chemin
52|Iowa City|25|951 Lacus. Rue
54|Kawartha Lakes|26|532-4322 Tortor, Rd.
56|Quickborn|27|CP 465, 8605 Dapibus Av.
58|Dera Ghazi Khan|28|Appartement 920-5575 Enim Av.
60|Muridke|29|434-7459 Venenatis Av.
62|Kotli|30|969-5029 Imperdiet Impasse
64|Mora|31|Appartement 790-6808 Lorem Rue
66|Bhagalpur|112|CP 301, 3744 Vel Route
68|Guysborough|33|4404 Ligula Av.
70|Saint-Sébastien-sur-Loire|34|4078 Sociosqu Impasse
72|Cumberland County|35|7305 In Ave
74|Columbus|36|562 Nullam Avenue
76|Hall in Tirol|37|4454 Dui Rd.
78|Altidona|113|4933 Lacus. Chemin
80|North Cowichan|39|CP 425, 9390 Nec, Route
82|Constitución|40|Appartement 752-1768 Sociis Impasse
84|Didim|134|779-771 Fusce Impasse
86|Rea|42|Appartement 491-2877 Ac Avenue
88|Dolgoprudny|43|Appartement 610-7309 Fringilla. Rue
90|Saint-Marcel|44|CP 605, 9150 Velit. Impasse
92|Perinaldo|45|Appartement 525-7832 Euismod Rue
94|Hines Creek|46|9391 Condimentum. Rue
96|Shebekino|47|3674 Eu, Impasse
98|Tubeke Tubize|48|1668 Aliquet Route
100|Champdani|49|CP 328, 7189 Fermentum Av.
102|Gasteiz|125|CP 927, 8721 Ipsum Avenue
104|Wandre|51|817-1105 Consectetuer Chemin
106|Kozhikode|52|Appartement 884-2801 Odio Rue
108|Maicao|53|CP 809, 1903 Suscipit Rue
110|Township of Minden Hills|54|829-8724 Pede. Route
112|Brentwood|55|Appartement 875-8162 Sem Av.
114|Ganganagar|56|Appartement 802-4947 Eget Route
116|Saint-Oyen|57|5646 Tempor Av.
118|Cochamó|58|CP 231, 2927 Lacus. Rue
120|San Martino in Badia/St. Martin in Thurn|59|Appartement 246-6520 Urna. Route
122|Archennes|60|Appartement 456-8443 Varius Rd.
124|Meridian|61|1946 Neque. Rue
126|Campbeltown|62|602-8704 Adipiscing Rd.
128|Angoulême|110|Appartement 752-5672 Nunc Rd.
130|Puerto Guzmán|64|CP 550, 7523 Volutpat. Route
132|Smoky Lake|65|7971 Elit Route
134|Yangju|234|707-1767 Diam Rue
136|San Lorenzo|67|4288 Quam Impasse
138|Branchon|68|609-5645 Nunc Route
140|Rödermark|69|3891 Ac Rue
142|Tranås|70|323-1482 Nam Avenue
144|Chapecó|71|582-1509 Auctor, Chemin
146|Seloignes|72|4403 Diam Ave
148|Builth Wells|73|825-3855 Orci. Ave
150|Barchi|74|Appartement 155-5764 Tincidunt Avenue
152|Sankt Ingbert|75|3579 Massa. Impasse
154|Smithers|76|CP 991, 9215 Eu, Av.
156|Schönebeck|77|917-2420 Neque Av.
158|Fossato di Vico|78|652 Laoreet Av.
160|Hyères|79|Appartement 153-2658 Mi, Av.
162|Hattiesburg|80|Appartement 979-1122 Cras Route
164|Waarloos|81|8760 Enim. Route
166|Baricella|82|CP 700, 553 Aenean Rd.
168|Soma|83|Appartement 414-2048 Ipsum Avenue
170|Lac Ste. Anne|84|422-6111 Mauris Rd.
172|Cumberland County|85|Appartement 706-3352 Rutrum, Avenue
174|Dewas|86|CP 745, 8298 Sagittis Ave
176|Zweibrücken|87|CP 575, 254 Tristique Ave
178|Bochum|88|851-5135 Nulla Avenue
180|Rae Lakes|89|Appartement 354-360 Primis Impasse
182|Owerri|90|291-9276 Elit Chemin
184|Tumaco|91|6214 Mi. Avenue
186|Deutschkreutz|92|CP 693, 7082 A Chemin
188|Thuin|93|CP 833, 3357 Scelerisque Ave
190|Dilsen-Stokkem|94|CP 292, 2638 Aliquam Impasse
192|Lago Ranco|95|CP 493, 620 Amet Chemin
194|Stratford|96|CP 679, 5665 Euismod Rue
196|Oklahoma City|97|9178 Ut Ave
198|Stourbridge|98|1802 Et, Ave
200|College|99|3305 Sed, Avenue
202|Baranello|100|867-9036 Donec Avenue