id_Ing;nom;prenom;id_ville;date_Embauche
2;Francis;Ginger;3;11/01/2020
5;George;Abdul;5;03/09/2020
8;Dillard;Caesar;7;09/26/2020
11;Rivera;Tallulah;9;04/20/2020
14;Mullen;Aaron;11;01/24/2020
17;Carpenter;Samuel;13;02/26/2020
20;Kim;Baxter;15;03/14/2021
23;Banks;Kirestin;17;06/08/2020
26;Dominguez;Kuame;19;12/10/2020
29;Underwood;Alea;21;05/13/2020
32;Roberson;Lucius;23;08/01/2020
35;York;Marshall;25;10/27/2019
38;Murphy;Craig;27;04/25/2021
41;Ware;Macaulay;29;11/20/2019
44;Slater;Cally;31;04/12/2020
47;Bradford;Dillon;33;05/12/2021
50;Moore;Arthur;35;07/14/2020
53;Brock;Nash;37;03/10/2021
56;Head;Paki;39;03/09/2020
59;Hickman;Travis;41;10/23/2019
62;Henson;Susan;43;01/09/2020
65;Cash;Tyler;45;05/15/2021
68;Johnson;Skyler;47;03/20/2021
71;Snyder;Bo;49;03/05/2021
74;Dalton;Marcia;51;05/07/2020
77;Dominguez;Amaya;53;08/08/2020
80;Kirkland;Ahmed;55;11/04/2019
83;Knowles;Meghan;57;03/22/2020
86;Weiss;Walker;59;05/07/2020
89;Carter;Avye;61;07/23/2020
92;Hammond;Dillon;63;10/06/2019
95;Valentine;Aspen;65;02/11/2020
98;Dale;Christian;67;09/20/2020
101;Fowler;Lucian;69;08/08/2019
104;Whitehead;Iliana;71;07/29/2020
107;Rollins;Oliver;73;02/02/2020
110;Snyder;Keane;75;01/07/2020
113;Cohen;Hedy;77;12/15/2019
116;Lara;Shelby;79;12/03/2020
119;Oneil;Rashad;81;11/12/2020
122;Moody;Sarah;83;07/11/2020
125;Pope;Iris;85;12/17/2020
128;Sherman;Brenna;87;06/18/2019
131;Gilmore;Kitra;89;10/26/2019
134;Leonard;Tobias;91;01/04/2020
137;Green;Graiden;93;11/27/2019
140;Ware;Yuli;95;11/15/2019
143;Pickett;Yael;97;01/30/2021
146;Leblanc;Odessa;99;06/01/2020
149;Simmons;Hanae;101;07/11/2019
152;Harvey;Timon;103;03/07/2020
155;Mccullough;Julian;105;03/28/2021
158;Acevedo;Gabriel;107;07/27/2019
161;Valencia;Rhonda;109;07/08/2019
164;Beck;Yoko;111;04/26/2021
167;Wiley;Martina;113;03/27/2020
170;Mullins;Grace;115;01/25/2021
173;Sweeney;Myles;117;03/19/2021
176;Byrd;Nita;119;01/04/2020
179;Hardin;Blythe;121;09/05/2019
182;Valentine;Uriel;123;04/18/2021
185;Weeks;Yetta;125;03/03/2020
188;Mccormick;Bell;127;03/28/2021
191;Larson;Violet;129;12/29/2020
194;Henry;Edan;131;03/16/2021
197;James;Teegan;133;12/02/2020
200;Griffin;Len;135;05/16/2020
203;Gaines;Sebastian;137;07/01/2019
206;Castro;Neil;139;09/20/2019
209;Rivas;Andrew;141;07/30/2019
212;Elliott;Evangeline;143;08/06/2019
215;Jackson;Kieran;145;06/03/2021
218;Roberson;Blossom;147;12/22/2020
221;Scott;Kadeem;149;03/27/2020
224;Buck;Derek;151;07/28/2020
227;Alexander;Mia;153;09/14/2019
230;Donaldson;Erin;155;07/29/2020
233;Richmond;Fletcher;157;07/09/2019
236;Leon;Sara;159;03/02/2020
239;David;Ayanna;161;11/20/2020
242;Rodgers;Kiayada;163;10/13/2019
245;Austin;Martena;165;08/23/2020
248;Green;Brenna;167;12/08/2020
251;Kelley;Harper;169;12/30/2020
254;Combs;Timon;171;04/12/2020
257;Rios;Philip;173;11/22/2019
260;Melendez;Kylynn;175;11/16/2019
263;Alvarez;Beck;177;11/07/2019
266;Hunter;Portia;179;03/25/2020
269;Guzman;Paul;181;03/25/2020
272;Dickson;Miriam;183;10/27/2020
275;Carter;Stephen;185;02/18/2020
278;Drake;Jermaine;187;01/04/2020
281;Barrera;Vivien;189;08/12/2019
284;Winters;Tad;191;09/19/2019
287;Cleveland;Brenden;193;01/29/2021
290;Haley;Herrod;195;12/30/2019
293;Cooke;Camille;197;05/28/2020
296;Peterson;Aphrodite;199;07/27/2020
299;Hooper;Candice;201;06/30/2020
